排名,書籍名稱,作者,連結
1,月亮是夜晚唯一的光芒【限量贈「見月．打卡書籤」】,不朽,https://www.books.com.tw/products/0010903496?loc=P_0003_001
2,沙丘六部曲【套書】,法蘭克•赫伯特,https://www.books.com.tw/products/0010902452?loc=P_0003_002
3,原子習慣：細微改變帶來巨大成就的實證法則,詹姆斯•克利爾,https://www.books.com.tw/products/0010822522?loc=P_0003_003
4,內在原力：9個設定，活出最好的人生版本,愛瑞克,https://www.books.com.tw/products/0010897616?loc=P_0003_004
5,活出心中的太極,太極人,https://www.books.com.tw/products/0010902978?loc=P_0003_005
6,為什麼不能想怎樣就怎樣：王宏哲給孩子的情緒教育繪本2（贈1桌遊1學具）,王宏哲,https://www.books.com.tw/products/0010899139?loc=P_0003_006
7,股息Cover我每一天：600張存股達人絕活全公開,大俠武林,https://www.books.com.tw/products/0010898998?loc=P_0003_007
8,ONE PIECE航海王 100(首刷限定版),尾田榮一郎,https://www.books.com.tw/products/0010903734?loc=P_0003_008
9,社會在走，歷史要懂：呂捷開講,呂捷,https://www.books.com.tw/products/0010900428?loc=P_0003_009
10,新制多益 NEW TOEIC 單字大全：2018起多益更新單字資訊完全掌握！(附13小時8種版本MP3),David Cho,https://www.books.com.tw/products/0010771883?loc=P_0003_010
11,亞當理論：跨世紀順勢交易大師經典之作,威爾斯．威爾德,https://www.books.com.tw/products/0010901761?loc=P_0003_011
12,台指期傻瓜當沖法，讓我本金翻5倍：三種K棒走勢＋操作三原則，不鑽研個股、不盯籌碼，當天下單當天賺，下班回家接著賺！,Queen怜,https://www.books.com.tw/products/0010902719?loc=P_0003_012
13,屁屁偵探讀本10：屁屁偵探戀愛了？！,Troll,https://www.books.com.tw/products/0010904295?loc=P_0003_013
14,正韓小菜：五星韓廚的道地韓國小菜！從開胃泡菜到麻藥雞蛋，65道零失敗偷飯料理,孫榮KaiSon,https://www.books.com.tw/products/0010903139?loc=P_0003_014
15,一生一世美人骨,墨寶非寶,https://www.books.com.tw/products/0010801568?loc=P_0003_015
16,林務局2022「假面之森」月曆,行政院農業委員會林務局,https://www.books.com.tw/products/0010905643?loc=P_0003_016
17,月亮是夜晚唯一的光芒【博客來獨家-限量月之香氛禮物書組】,不朽,https://www.books.com.tw/products/0010903122?loc=P_0003_017
18,進擊的巨人 34完(首刷限定版),諫山創,https://www.books.com.tw/products/0010901589?loc=P_0003_018
19,T子％％走1（限量加贈「%%走金句」貼紙）,穀子,https://www.books.com.tw/products/0010904031?loc=P_0003_019
20,有溫度的手術刀：一個頂尖外科醫師的黑色幽默,陳光超,https://www.books.com.tw/products/0010903495?loc=P_0003_020
21,楞嚴經蠡測【第參冊】,王薀,https://www.books.com.tw/products/0010892546?loc=P_0003_021
22,歡迎光臨夢境百貨：您所訂購的夢已銷售一空,李美芮,https://www.books.com.tw/products/0010897792?loc=P_0003_022
23,波段存股法，讓我滾出千萬退休金：投資晚鳥教師43歲打造股市開心農場，「波段價差」+「股利再投入」，讓投資變零成本,江季芸,https://www.books.com.tw/products/0010900620?loc=P_0003_023
24,為什麼不能等一下：王宏哲給孩子的情緒教育繪本,王宏哲,https://www.books.com.tw/products/0010863227?loc=P_0003_024
25,大家的日本語 初級Ⅰ 改訂版,スリ?エ?ネットワ?ク,https://www.books.com.tw/products/0010692529?loc=P_0003_025
26,愛的藝術（史上最暢銷心理學不朽經典世紀新譯本）：心理學大師佛洛姆談愛的真諦，一本學習如何去愛的聖經,埃里希．佛洛姆,https://www.books.com.tw/products/0010903645?loc=P_0003_026
27,先放手，再放心：我從《心經》學到的人生智慧,吳若權,https://www.books.com.tw/products/0010897957?loc=P_0003_027
28,全新！新制多益TOEIC聽力／閱讀題庫解析【博客來獨家套書】：全新收錄精準 10 回模擬試題！徹底反映命題趨勢、大幅提升實戰能力！（附2 MP3＋音檔下載QR碼）,Hackers Academia,https://www.books.com.tw/products/0010884862?loc=P_0003_028
29,沙丘（1）【電影書衣珍藏版】,法蘭克•赫伯特,https://www.books.com.tw/products/0010901306?loc=P_0003_029
30,女兒是吸收媽媽情緒長大的：獻給世上所有女兒、母親、女性的自我修復心理學,朴又蘭,https://www.books.com.tw/products/0010903852?loc=P_0003_030
31,月亮是夜晚唯一的光芒,不朽,https://www.books.com.tw/products/0010903124?loc=P_0003_031
32,魔道祖師漫畫版 一,墨香銅臭,https://www.books.com.tw/products/0010903575?loc=P_0003_032
33,被討厭的勇氣：自我啟發之父「阿德勒」的教導,"岸見一郎,古賀史健",https://www.books.com.tw/products/0010653153?loc=P_0003_033
34,拿拿摳的厭世甜點店：蛋糕、派塔、小餅乾，拯救厭世人生的42道甜點【厭世團隊親簽版】,拿拿摳,https://www.books.com.tw/products/0010903223?loc=P_0003_034
35,投資最重要的事：一本股神巴菲特讀了兩遍的書,霍華．馬克斯,https://www.books.com.tw/products/0010744933?loc=P_0003_035
36,靜心書寫．活得像雲般自由：先放手，再放心—108天〔心經〕練習【限量首刷專屬版】,吳若權,https://www.books.com.tw/products/0010903370?loc=P_0003_036
37,天官賜福 三,墨香銅臭,https://www.books.com.tw/products/0010893557?loc=P_0003_037
38,天官賜福 四,墨香銅臭,https://www.books.com.tw/products/0010893561?loc=P_0003_038
39,好好生活 慢慢相遇：30歲，想把溫柔留給自己,黃山料,https://www.books.com.tw/products/0010891987?loc=P_0003_039
40,藍色時期 8(首刷限定版),山口飛翔,https://www.books.com.tw/products/0010903737?loc=P_0003_040
41,火來了，快跑,大師兄,https://www.books.com.tw/products/0010892587?loc=P_0003_041
42,BCG問題解決力：一生受用的策略顧問思考法,"徐瑞廷,黃菁媺",https://www.books.com.tw/products/0010901147?loc=P_0003_042
43,林務局2022「假面之森」桌曆,行政院農業委員會林務局,https://www.books.com.tw/products/0010905644?loc=P_0003_043
44,早知道就待在家【歲月的印記典藏版】,謝哲青,https://www.books.com.tw/products/0010896432?loc=P_0003_044
45,有你的夏天：黃氏兄弟寫真書II（特裝版）,"黃氏兄弟,藍陳福堂",https://www.books.com.tw/products/0010905108?loc=P_0003_045
46,富爸爸，窮爸爸（20週年紀念版）,羅勃特•T•清崎,https://www.books.com.tw/products/0010791121?loc=P_0003_046
47,我獨特，我珍貴：人文世代的競爭力,"彭漣漪,王怡棻,謝其濬,陳慧玲,陳麗婷,陳玉鳳,錢麗安,陳承璋",https://www.books.com.tw/products/0010903684?loc=P_0003_047
48,引導孩子說出內心話：不說教的情商課，讓親子都被好好理解,澤爸（魏瑋志）,https://www.books.com.tw/products/0010894710?loc=P_0003_048
49,林務局2022「假面之森」筆記本,行政院農業委員會林務局,https://www.books.com.tw/products/0010905645?loc=P_0003_049
50,進擊的巨人 34完(特裝版),諫山創,https://www.books.com.tw/products/0010901593?loc=P_0003_050
51,我用波段投資法，4年賺4千萬：買在低點、賣在高點，賺價差的獲利SOP,陳詩慧,https://www.books.com.tw/products/0010898103?loc=P_0003_051
52,林姓主婦的家務事4：一條龍餐桌，從家庭料理到副食品【觀念重建篇+美味料理篇】（雙書不分售）,林姓主婦,https://www.books.com.tw/products/0010902960?loc=P_0003_052
53,人生實用商學院：誰偷了你的錢？,吳淡如,https://www.books.com.tw/products/0010896393?loc=P_0003_053
54,吃佛：從一座城市窺見西藏的劫難與求生,芭芭拉．德米克,https://www.books.com.tw/products/0010894686?loc=P_0003_054
55,如何改變一個人：華頓商學院教你消除抗拒心理，從心擁抱改變,約拿．博格,https://www.books.com.tw/products/0010894579?loc=P_0003_055
56,小大人的公衛素養課：流行病學×預防醫學  中研院院士陳建仁首本防疫圖文知識書（限量贈送防疫小尖兵貼紙）,"陳建仁,胡妙芬",https://www.books.com.tw/products/0010903657?loc=P_0003_056
57,小資族下班後翻倍賺：財富自由GET！3步驟月入六位數、30歲前晉升新富族,蕾咪Rami,https://www.books.com.tw/products/0010897733?loc=P_0003_057
58,天下大亂：川普政府的中國政策，其形成、矛盾與內幕,喬許．羅金,https://www.books.com.tw/products/0010903591?loc=P_0003_058
59,全新制20次多益滿分的怪物講師TOEIC多益單字+文法（附1CD+防水書套）,怪物講師教學團隊（台灣）,https://www.books.com.tw/products/0010785313?loc=P_0003_059
60,窮查理的普通常識（增修版）：巴菲特50年智慧合夥人查理．蒙格的人生哲學,查理•蒙格,https://www.books.com.tw/products/0010817729?loc=P_0003_060
61,V怪客：英文出版30週年紀念豪華版,艾倫?摩爾,https://www.books.com.tw/products/0010904386?loc=P_0003_061
62,日本奇妙知識不思議：為什麼餐廳都提供客人冰水但壽司店會給熱茶？平安時代的女性一年只洗一次頭！？超有梗的日本潛規則與豆知識百選,梅用知世,https://www.books.com.tw/products/0010902459?loc=P_0003_062
63,像看花一樣看著你,羅泰柱,https://www.books.com.tw/products/0010901718?loc=P_0003_063
64,致富心態：關於財富、貪婪與幸福的20堂理財課,摩根．豪瑟,https://www.books.com.tw/products/0010882259?loc=P_0003_064
65,職場又不是沙發，追求舒適要幹嘛？周品均的35堂犀利職場課,周品均,https://www.books.com.tw/products/0010904459?loc=P_0003_065
66,非暴力溝通：愛的語言（全新增訂版）,馬歇爾．盧森堡,https://www.books.com.tw/products/0010831754?loc=P_0003_066
67,野貓軍團吃蛋糕,工藤紀子,https://www.books.com.tw/products/0010901380?loc=P_0003_067
68,【作者親簽版】人生實用商學院：誰偷了你的錢？,吳淡如,https://www.books.com.tw/products/0010896389?loc=P_0003_068
69,以太奇襲：一位19歲天才，一場數位與金融革命,卡蜜拉．盧索,https://www.books.com.tw/products/0010903379?loc=P_0003_069
70,聖誕小豬：《哈利波特》作者J.K. 羅琳最新作品！只要還存有一絲希望，沒有東西會永遠喪失。因為愛，讓我們永存不朽！,J.K. 羅琳,https://www.books.com.tw/products/0010904583?loc=P_0003_070
71,家庭裡的對話練習：張輝誠的薩提爾實踐,張輝誠,https://www.books.com.tw/products/0010903146?loc=P_0003_071
72,菈菈的婚禮 第二卷【限】,ためこう,https://www.books.com.tw/products/0010903069?loc=P_0003_072
73,天官賜福 一,墨香銅臭,https://www.books.com.tw/products/0010881589?loc=P_0003_073
74,勝率近100%的可轉債存股術：新手入門的第一本可轉債教戰手冊,蕭啟斌,https://www.books.com.tw/products/0010899965?loc=P_0003_074
75,人渣反派自救系統 上,墨香銅臭,https://www.books.com.tw/products/0010756200?loc=P_0003_075
76,人渣反派自救系統 下,墨香銅臭,https://www.books.com.tw/products/0010756205?loc=P_0003_076
77,我想跟你好好說話：賴佩霞的六堂「非暴力溝通」入門課,賴佩霞,https://www.books.com.tw/products/0010853918?loc=P_0003_077
78,原子時間：奇蹟的晚間4小時，改變人生、收入翻倍，社畜獸醫的時間管理實證,柳韓彬,https://www.books.com.tw/products/0010897780?loc=P_0003_078
79,人渣反派自救系統 中,墨香銅臭,https://www.books.com.tw/products/0010756204?loc=P_0003_079
80,天官賜福 二,墨香銅臭,https://www.books.com.tw/products/0010881591?loc=P_0003_080
81,梅克爾傳（限量軟皮精裝版）：一場卓越的史詩之旅,凱蒂．馬頓,https://www.books.com.tw/products/0010904413?loc=P_0003_081
82,交通警察之夜（博客來獨家版）,東野圭吾,https://www.books.com.tw/products/0010901480?loc=P_0003_082
83,請問覺醒：無極瑤池金母密傳靈魂覺醒啟示錄（獨家簽名版）,宇色Osel,https://www.books.com.tw/products/0010903041?loc=P_0003_083
84,演說高手都是這樣練的：歐陽立中的40堂魅力演說課【作者親簽版】,歐陽立中,https://www.books.com.tw/products/0010903730?loc=P_0003_084
85,最高喝水法：台灣首席品水師教你正確喝水，深度改變健康與生活,陳君潔,https://www.books.com.tw/products/0010902227?loc=P_0003_085
86,姊嫁物語 (13),森薰,https://www.books.com.tw/products/0010899804?loc=P_0003_086
87,如果歷史是一群喵(8)：盛世大唐篇【萌貓漫畫學歷史】,肥志,https://www.books.com.tw/products/0010896323?loc=P_0003_087
88,葬送的芙莉蓮 3(首刷限定版),"山田鐘人,阿部司",https://www.books.com.tw/products/0010900345?loc=P_0003_088
89,我深愛的大野狼,佐倉リコ,https://www.books.com.tw/products/0010900701?loc=P_0003_089
90,算癌症：運用大數據、五運六氣、易經八卦，治療癌症於發生之前！,樓中亮,https://www.books.com.tw/products/0010901661?loc=P_0003_090
91,【博客來獨家燙箔書衣】人慈：橫跨二十萬年的人性旅程，用更好的視角看待自己,羅格．布雷格曼,https://www.books.com.tw/products/0010900292?loc=P_0003_091
92,幼兒園教保活動課程大綱,教育部,https://www.books.com.tw/products/0010780550?loc=P_0003_092
93,夢裡可以做到哪一步？ 全,百?あん,https://www.books.com.tw/products/0010900813?loc=P_0003_093
94,沒有大學文憑的日子，我說故事【暢銷珍藏版】,王文靜,https://www.books.com.tw/products/0010902953?loc=P_0003_094
95,人生有所謂，決斷無所畏：電通集團CEO唐心慧分享如何做好決定，告別糾結人生！（附「練出決斷力」引導式筆記）,唐心慧,https://www.books.com.tw/products/0010897718?loc=P_0003_095
96,高層次閱讀與思考：建中名師親授，克服閱讀萬字長文的障礙，快速抓到重點，學會了比補習更有效,黃春木,https://www.books.com.tw/products/0010900135?loc=P_0003_096
97,搞懂內分泌，練成你的易瘦體質：不節食、不斷醣、不生酮、不吃藥、不需要制式菜單，打造這輩子都胖不了的瘦身術！,蔡明劼,https://www.books.com.tw/products/0010895144?loc=P_0003_097
98,瘋潮行銷：華頓商學院最熱門的一堂行銷課！6大關鍵感染力，瞬間引爆大流行【暢銷新裝版】,約拿．博格,https://www.books.com.tw/products/0010893715?loc=P_0003_098
99,首爾大學韓國語1A（雙光碟版：1互動光碟＋1MP3）,首爾大學語言教育院,https://www.books.com.tw/products/0010617267?loc=P_0003_099
100,小書痴的下剋上 短篇集I：為了成為圖書管理員不擇手段！,香月美夜,https://www.books.com.tw/products/0010904068?loc=P_0003_100
